{
  "data": [
    {
      "slno": "1",
      "ApplicationName": "Bosch SWHM",
      "LoginDetails": "URl: http://35.206.94.22:6010 Username : boschadmin Password : 321@Bosch",
      "Instance_Site": "Site A",
      "status": "",
      "login": "",
      "ActiveDeviceCount": "",
      "LastupdatedAt": ""
    },
    {
      "slno": "2",
      "ApplicationName": "Bosch SWHM",
      "LoginDetails": "URl: http://35.206.94.22:6010 Username : boschadmin Password : 321@Bosch",
      "Instance_Site": "Site B",
      "status": "",
      "login": "",
      "ActiveDeviceCount": "",
      "LastupdatedAt": ""
    },
    {
      "slno": "3",
      "ApplicationName": "FMS(Feedback management)",
      "LoginDetails": "http://35.206.94.22:7001 Email : kbmc@hyperthings.in Password : hts@hyd@123",
      "Instance_Site": "Badalpur",
      "status": "",
      "login": "",
      "ActiveDeviceCount": "",
      "LastupdatedAt": ""
    },
    {
      "slno": "4",
      "ApplicationName": "FMS(Feedback management)",
      "LoginDetails": " http://35.206.94.22:7001 Email : mcgm@hyperthings.in Password : hts@hyd@123",
      "Instance_Site": "Mumbai",
      "status": "",
      "login": "",
      "ActiveDeviceCount": "",
      "LastupdatedAt": ""
    },
    {
      "slno": "5",
      "ApplicationName": "Bin Application",
      "LoginDetails": "https://ibin.hyperthings.in Email : demo@vighnaharta.com Password : hts@hyd@123",
      "Instance_Site": "Vighnaharta",
      "status": "",
      "login": "",
      "ActiveDeviceCount": "",
      "LastupdatedAt": ""
    },
    {
      "slno": "6",
      "ApplicationName": "Air quality Application",
      "LoginDetails": " http://35.206.94.22:7006 Email : qeeri@hyperthings.in Password : qeeri@123#",
      "Instance_Site": "QEERI",
      "status": "",
      "login": "",
      "ActiveDeviceCount": "",
      "LastupdatedAt": ""
    },
    {
      "slno": "7",
      "ApplicationName": "Bin Application",
      "LoginDetails": "http://103.116.27.151:7002 Email : admin@hyperthings.in Password : Suru@2617",
      "Instance_Site": "DICC",
      "status": "",
      "login": "",
      "ActiveDeviceCount": "",
      "LastupdatedAt": ""
    }
  ]
}
