ts,data,deviceId
1582870800,"{""data"":{""value"":3,""valueInWords"":""dirty""}}",0844214293772466
1582870800,"{""data"":{""value"":3,""valueInWords"":""dirty""}}",5440564645428877
1582870800,"{""data"":{""value"":2,""valueInWords"":""average""}}",5440564645428877
1582870800,"{""data"":{""value"":2,""valueInWords"":""average""}}",5440564645428877
1582870800,"{""data"":{""value"":2,""valueInWords"":""average""}}",5440564645428877
1582870800,"{""data"":{""value"":2,""valueInWords"":""average""}}",5440564645428877
1582870800,"{""data"":{""value"":1,""valueInWords"":""good""}}",5440564645428877
1582870800,"{""data"":{""value"":2,""valueInWords"":""average""}}",5440564645428877
1582870800,"{""data"":{""value"":2,""valueInWords"":""average""}}",1862937322081627
1582870800,"{""data"":{""value"":3,""valueInWords"":""dirty""}}",1862937322081627
1582870800,"{""data"":{""value"":2,""valueInWords"":""average""}}",1862937322081627
1582870800,"{""data"":{""value"":1,""valueInWords"":""good""}}",1862937322081627
1582870800,"{""data"":{""value"":3,""valueInWords"":""dirty""}}",1862937322081627
1582870800,"{""data"":{""value"":2,""valueInWords"":""average""}}",1862937322081627
1582870800,"{""data"":{""value"":2,""valueInWords"":""average""}}",1862937322081627
1582870800,"{""data"":{""value"":2,""valueInWords"":""average""}}",3795583276928492
1582870800,"{""data"":{""value"":3,""valueInWords"":""dirty""}}",3795583276928492
1582870800,"{""data"":{""value"":1,""valueInWords"":""good""}}",3795583276928492
1582870800,"{""data"":{""value"":3,""valueInWords"":""dirty""}}",4808190833638822
1582870800,"{""data"":{""value"":2,""valueInWords"":""average""}}",4808190833638822
1582870800,"{""data"":{""value"":1,""valueInWords"":""good""}}",4808190833638822
1582870800,"{""data"":{""value"":2,""valueInWords"":""average""}}",4808190833638822
1582870800,"{""data"":{""value"":3,""valueInWords"":""dirty""}}",4808190833638822
1582870800,"{""data"":{""value"":1,""valueInWords"":""good""}}",4808190833638822
1582870800,"{""data"":{""value"":1,""valueInWords"":""good""}}",9867878118569712
1582870800,"{""data"":{""value"":2,""valueInWords"":""average""}}",9867878118569712
1582870800,"{""data"":{""value"":2,""valueInWords"":""average""}}",9867878118569712
1582870800,"{""data"":{""value"":2,""valueInWords"":""average""}}",9867878118569712
1582870800,"{""data"":{""value"":1,""valueInWords"":""good""}}",9867878118569712
1582870800,"{""data"":{""value"":1,""valueInWords"":""good""}}",9867878118569712
1582870800,"{""data"":{""value"":3,""valueInWords"":""dirty""}}",9867878118569712
1582870800,"{""data"":{""value"":3,""valueInWords"":""dirty""}}",9867878118569712
1582870800,"{""data"":{""value"":2,""valueInWords"":""average""}}",9867878118569712
1582870800,"{""data"":{""value"":3,""valueInWords"":""dirty""}}",6511023345772236
1582870800,"{""data"":{""value"":1,""valueInWords"":""good""}}",6511023345772236
1582870800,"{""data"":{""value"":3,""valueInWords"":""dirty""}}",6511023345772236
1582870800,"{""data"":{""value"":1,""valueInWords"":""good""}}",6511023345772236
1582870800,"{""data"":{""value"":3,""valueInWords"":""dirty""}}",6511023345772236
1582870800,"{""data"":{""value"":1,""valueInWords"":""good""}}",6511023345772236
1582870800,"{""data"":{""value"":1,""valueInWords"":""good""}}",6511023345772236
1582870800,"{""data"":{""value"":1,""valueInWords"":""good""}}",6511023345772236
1582870800,"{""data"":{""value"":1,""valueInWords"":""good""}}",6511023345772236
1582870800,"{""data"":{""value"":2,""valueInWords"":""average""}}",6558447256504278
1582870800,"{""data"":{""value"":3,""valueInWords"":""dirty""}}",6558447256504278
1582870800,"{""data"":{""value"":1,""valueInWords"":""good""}}",6558447256504278
1582870800,"{""data"":{""value"":1,""valueInWords"":""good""}}",6558447256504278
1582870800,"{""data"":{""value"":2,""valueInWords"":""average""}}",6558447256504278
1582870800,"{""data"":{""value"":3,""valueInWords"":""dirty""}}",6558447256504278
1582870800,"{""data"":{""value"":1,""valueInWords"":""good""}}",6558447256504278
1582870800,"{""data"":{""value"":2,""valueInWords"":""average""}}",6558447256504278
1582870800,"{""data"":{""value"":2,""valueInWords"":""average""}}",5092806833864759
1582870800,"{""data"":{""value"":3,""valueInWords"":""dirty""}}",5092806833864759
1582870800,"{""data"":{""value"":2,""valueInWords"":""average""}}",9724533341297188
1582870800,"{""data"":{""value"":1,""valueInWords"":""good""}}",9724533341297188
1582870800,"{""data"":{""value"":3,""valueInWords"":""dirty""}}",9724533341297188
1582870800,"{""data"":{""value"":1,""valueInWords"":""good""}}",9724533341297188
1582870800,"{""data"":{""value"":1,""valueInWords"":""good""}}",9724533341297188
1582870800,"{""data"":{""value"":2,""valueInWords"":""average""}}",9724533341297188
1582870800,"{""data"":{""value"":1,""valueInWords"":""good""}}",9724533341297188
1582870800,"{""data"":{""value"":2,""valueInWords"":""average""}}",1025557306861001
1582870800,"{""data"":{""value"":1,""valueInWords"":""good""}}",1025557306861001
1582870800,"{""data"":{""value"":1,""valueInWords"":""good""}}",1388474380950724
1582870800,"{""data"":{""value"":3,""valueInWords"":""dirty""}}",1388474380950724
1582870800,"{""data"":{""value"":2,""valueInWords"":""average""}}",1388474380950724
1582870800,"{""data"":{""value"":1,""valueInWords"":""good""}}",1388474380950724
1582870800,"{""data"":{""value"":2,""valueInWords"":""average""}}",1388474380950724
1582870800,"{""data"":{""value"":3,""valueInWords"":""dirty""}}",1388474380950724
1582870800,"{""data"":{""value"":1,""valueInWords"":""good""}}",1388474380950724
1582870800,"{""data"":{""value"":3,""valueInWords"":""dirty""}}",1388474380950724
1582870800,"{""data"":{""value"":2,""valueInWords"":""average""}}",1388474380950724
