{
  "swagger": "2.0",
  "info": {
    "version": "1.0.0",
    "title": "Data sharing",
    "description": "API Documentation "
  },
  "schemes": ["http", "https"],
  "host": "91.132.66.13:7005",
  "basePath": "/api/v1/",

  "paths": {
    "/apps": {
      "get": {
        "tags": ["App data"],
        "summary": "Get app for one tenant - Mactching token",
        "parameters": [
          {
            "name": "Authorization",
            "in": "header",
            "description": "Enter your bearer token in the format **Bearer &lt;apptoken>**",
            "required": true,
            "type": "string"
          }
        ],

        "produces": ["application/json"],
        "responses": {
          "200": {
            "description": "Records found / No records found"
          },
          "400": {
            "description": "Something went wrong ! / Application not found !"
          },
          "401": {
            "description": "Authentication error"
          },
          "403": {
            "description": "Invalid "
          },
          "404": {
            "description": " Not found"
          },
          "500": {
            "description": "Database errors"
          }
        }
      }
    },
    "/devices": {
      "get": {
        "tags": ["Device data"],
        "summary": "Get all devices for one tenant - Mactching token",
        "parameters": [
          {
            "name": "Authorization",
            "in": "header",
            "description": "Enter your bearer token in the format **Bearer &lt;apptoken>**",
            "required": true,
            "type": "string"
          }
        ],

        "produces": ["application/json"],
        "responses": {
          "200": {
            "description": "Records found / No records found"
          },
          "400": {
            "description": "Something went wrong ! / Application not found !"
          },
          "401": {
            "description": "Authentication error"
          },
          "403": {
            "description": "Invalid "
          },
          "404": {
            "description": " Not found"
          },
          "500": {
            "description": "Database errors"
          }
        }
      }
    },
    "/devices/{deviceId}/data": {
      "get": {
        "tags": ["Device data"],
        "summary": "Get Device Raw data from PGDB",
        "parameters": [
          {
            "name": "Authorization",
            "in": "header",
            "description": "Enter your bearer token in the format **Bearer &lt;apptoken>**",
            "required": true,
            "type": "string"
          },
          {
            "in": "path",
            "name": "deviceId",
            "type": "string",
            "description": "pass deviceId",
            "required": true
          }
        ],

        "produces": ["application/json"],
        "responses": {
          "200": {
            "description": "Records found / No records found"
          },
          "400": {
            "description": "Something went wrong ! / Application not found !"
          },
          "401": {
            "description": "Authentication error"
          },
          "403": {
            "description": "Invalid "
          },
          "404": {
            "description": " Not found"
          },
          "500": {
            "description": "Database errors"
          }
        }
      }
    },
    "/deviceStatus/data": {
      "get": {
        "tags": ["Device data"],
        "summary": "Get all alerts",
        "parameters": [
          {
            "name": "Authorization",
            "in": "header",
            "description": "Enter your bearer token in the format **Bearer &lt; apptoken>**",
            "required": true,
            "type": "string"
          },
          {
            "in": "query",
            "name": "fromDate",
            "type": "string",
            "description": "pass fromDate in epoch timestamp (1910860822)",
            "required": true
          },
          {
            "in": "query",
            "name": "toDate",
            "type": "string",
            "description": "pass toDate in epoch timestamp (1910860822)",
            "required": true
          }
        ],

        "produces": ["application/json"],
        "responses": {
          "200": {
            "description": "Records found / No records found"
          },
          "400": {
            "description": "Something went wrong ! / Application not found !"
          },
          "401": {
            "description": "Authentication error"
          },
          "403": {
            "description": "Invalid "
          },
          "404": {
            "description": " Not found"
          },
          "500": {
            "description": "Database errors"
          }
        }
      }
    },
    "/sites": {
      "get": {
        "tags": ["Site data"],
        "summary": "Get sites for one tenant - Mactching token",
        "parameters": [
          {
            "name": "Authorization",
            "in": "header",
            "description": "Enter your bearer token in the format **Bearer &lt;apptoken>**",
            "required": true,
            "type": "string"
          }
        ],

        "produces": ["application/json"],
        "responses": {
          "200": {
            "description": "Records found / No records found"
          },
          "400": {
            "description": "Something went wrong ! / Application not found !"
          },
          "401": {
            "description": "Authentication error"
          },
          "403": {
            "description": "Invalid "
          },
          "404": {
            "description": " Not found"
          },
          "500": {
            "description": "Database errors"
          }
        }
      }
    }
  },

  "definitions": {}
}
