{
  "swagger": "2.0",
  "info": {
    "version": "1.0.0",
    "title": "IoT-PF-Core",
    "description": "API Documentation "
  },
  "schemes": ["http", "https"],
  "host": "91.132.66.13:7004",
  "basePath": "/api/v1/",

  "paths": {
    "/users/signin": {
      "post": {
        "tags": ["Users"],
        "summary": "User signin",
        "parameters": [
          {
            "in": "body",
            "name": "body",
            "description": "User signin",
            "required": true,
            "schema": {
              "$ref": "#/definitions/userSignIn"
            }
          }
        ],

        "produces": ["application/json"],
        "responses": {
          "200": {
            "description": "Login Success"
          },
          "400": {
            "description": "Something went wrong !"
          },
          "401": {
            "description": "Authentication error"
          },
          "404": {
            "description": "User details Not found"
          },
          "500": {
            "description": "Database errors"
          }
        }
      }
    },
    "/users/change-password": {
      "post": {
        "tags": ["Users"],
        "summary": "User-change-password",
        "parameters": [
          {
            "name": "Authorization",
            "in": "header",
            "description": "Enter your auth-token token in the format **auth-token token**",
            "required": true,
            "type": "string"
          },
          {
            "in": "body",
            "name": "body",
            "description": "User-change-password",
            "required": true,
            "schema": {
              "$ref": "#/definitions/userChangePassword"
            }
          }
        ],

        "produces": ["application/json"],
        "responses": {
          "200": {
            "description": "Password changed"
          },
          "400": {
            "description": "Something went wrong !"
          },
          "401": {
            "description": "Invalid password"
          },
          "409": {
            "description": "User Not found"
          },
          "500": {
            "description": "Database errors"
          }
        }
      }
    },
    "/auth/logout": {
      "delete": {
        "tags": ["Users-auth"],
        "summary": "User-logout",
        "parameters": [],

        "produces": ["application/json"],
        "responses": {
          "200": {
            "description": "Logout Successfully!"
          },
          "400": {
            "description": "Something went wrong !"
          },
          "401": {
            "description": "Invalid token"
          },
          "409": {
            "description": "User Not found"
          },
          "500": {
            "description": "Database errors"
          }
        }
      }
    },
    "/auth/token": {
      "post": {
        "tags": ["Users-auth"],
        "summary": "User-get-access-token",
        "parameters": [
          {
            "name": "token",
            "in": "body",
            "description": "Send referesh token in body to get access token",
            "required": true,
            "type": "string"
          }
        ],

        "produces": ["application/json"],
        "responses": {
          "200": {
            "description": "Success"
          },
          "400": {
            "description": "Something went wrong !"
          },
          "401": {
            "description": "Invalid token"
          },
          "409": {
            "description": "User Not found"
          },
          "500": {
            "description": "Database errors"
          }
        }
      }
    },
    "/users/home": {
      "get": {
        "tags": ["Dashboard"],
        "summary": "User-dashboard",
        "parameters": [
          {
            "name": "Authorization",
            "in": "header",
            "description": "Enter your auth-token token in the format **auth-token token**",
            "required": true,
            "type": "string"
          }
        ],
        "produces": ["application/json"],
        "responses": {
          "200": {
            "description": "Records found"
          },
          "400": {
            "description": "Something went wrong !"
          },

          "409": {
            "description": "Records Not found"
          },
          "500": {
            "description": "Database errors"
          }
        }
      }
    },
    "/data/graphs/daily-msg-counts": {
      "get": {
        "tags": ["Dashboard"],
        "summary": "No of messages for all devices for present month (by default)",
        "parameters": [
          {
            "name": "Authorization",
            "in": "header",
            "description": "Enter your auth-token token in the format **auth-token token**",
            "required": true,
            "type": "string"
          }
        ],
        "produces": ["application/json"],
        "responses": {
          "200": {
            "description": "Records found"
          },
          "400": {
            "description": "Something went wrong !"
          },

          "409": {
            "description": "Records Not found"
          },
          "500": {
            "description": "Database errors"
          }
        }
      }
    },
    "/data/graphs/daily-msg-storage": {
      "get": {
        "tags": ["Dashboard"],
        "summary": "Sum of messages for all devices for present month (by default)",
        "parameters": [
          {
            "name": "Authorization",
            "in": "header",
            "description": "Enter your auth-token token in the format **auth-token token**",
            "required": true,
            "type": "string"
          }
        ],
        "produces": ["application/json"],
        "responses": {
          "200": {
            "description": "Records found"
          },
          "400": {
            "description": "Something went wrong !"
          },

          "409": {
            "description": "Records Not found"
          },
          "500": {
            "description": "Database errors"
          }
        }
      }
    },
    "/data/graphs/daily-alerts-severity": {
      "get": {
        "tags": ["Dashboard"],
        "summary": "Severity (high, medium and low) count",
        "parameters": [
          {
            "name": "Authorization",
            "in": "header",
            "description": "Enter your auth-token token in the format **auth-token token**",
            "required": true,
            "type": "string"
          }
        ],
        "produces": ["application/json"],
        "responses": {
          "200": {
            "description": "Records found"
          },
          "400": {
            "description": "Something went wrong !"
          },

          "409": {
            "description": "Records Not found"
          },
          "500": {
            "description": "Database errors"
          }
        }
      }
    },
    "/data/graphs/resource-usage": {
      "get": {
        "tags": ["Dashboard"],
        "summary": "App-resource-usage",
        "parameters": [
          {
            "name": "Authorization",
            "in": "header",
            "description": "Enter your auth-token token in the format **auth-token token**",
            "required": true,
            "type": "string"
          }
        ],
        "produces": ["application/json"],
        "responses": {
          "200": {
            "description": "Records found"
          },
          "400": {
            "description": "Something went wrong !"
          },

          "409": {
            "description": "Records Not found"
          },
          "500": {
            "description": "Database errors"
          }
        }
      }
    },
    "/data/widget/daily-alert-counts": {
      "get": {
        "tags": ["Dashboard"],
        "summary": "No of alerts/day for all devices for present month (by default)",
        "parameters": [
          {
            "name": "Authorization",
            "in": "header",
            "description": "Enter your auth-token token in the format **auth-token token**",
            "required": true,
            "type": "string"
          }
        ],
        "produces": ["application/json"],
        "responses": {
          "200": {
            "description": "Records found"
          },
          "400": {
            "description": "Something went wrong !"
          },

          "409": {
            "description": "Records Not found"
          },
          "500": {
            "description": "Database errors"
          }
        }
      }
    },
    "/data/widget/daily-msg-counts": {
      "get": {
        "tags": ["Dashboard"],
        "summary": "Events count (resolved and un-resolved)",
        "parameters": [
          {
            "name": "Authorization",
            "in": "header",
            "description": "Enter your auth-token token in the format **auth-token token**",
            "required": true,
            "type": "string"
          }
        ],
        "produces": ["application/json"],
        "responses": {
          "200": {
            "description": "Records found"
          },
          "400": {
            "description": "Something went wrong !"
          },

          "409": {
            "description": "Records Not found"
          },
          "500": {
            "description": "Database errors"
          }
        }
      }
    },
    "/keys/hex/:bit": {
      "get": {
        "tags": ["Keys"],
        "summary": "Get some random HEX key",
        "parameters": [],
        "produces": ["application/json"],
        "responses": {
          "200": {
            "description": "Records found"
          },
          "400": {
            "description": "Something went wrong !"
          },

          "409": {
            "description": "Records Not found"
          },
          "500": {
            "description": "Database errors"
          }
        }
      }
    },
    "/keys/app-id": {
      "get": {
        "tags": ["Keys"],
        "summary": "Get app-id",
        "parameters": [],
        "produces": ["application/json"],
        "responses": {
          "200": {
            "description": "Records found"
          },
          "400": {
            "description": "Something went wrong !"
          },

          "409": {
            "description": "Records Not found"
          },
          "500": {
            "description": "Database errors"
          }
        }
      }
    },
    "/keys/site-id": {
      "get": {
        "tags": ["Keys"],
        "summary": "Get site-id",
        "parameters": [],
        "produces": ["application/json"],
        "responses": {
          "200": {
            "description": "Records found"
          },
          "400": {
            "description": "Something went wrong !"
          },

          "409": {
            "description": "Records Not found"
          },
          "500": {
            "description": "Database errors"
          }
        }
      }
    },
    "/keys/device-id": {
      "get": {
        "tags": ["Keys"],
        "summary": "Get device-id",
        "parameters": [],
        "produces": ["application/json"],
        "responses": {
          "200": {
            "description": "Records found"
          },
          "400": {
            "description": "Something went wrong !"
          },

          "409": {
            "description": "Records Not found"
          },
          "500": {
            "description": "Database errors"
          }
        }
      }
    },
    "/customers/?": {
      "get": {
        "tags": ["Customers"],
        "summary": "Get customers",
        "parameters": [
          {
            "name": "Authorization",
            "in": "header",
            "description": "Enter your auth-token token in the format **auth-token token**",
            "required": true,
            "type": "string"
          },
          {
            "in": "query",
            "name": "prev",
            "type": "string",
            "description": "prev",
            "required": false
          },
          {
            "in": "query",
            "name": "next",
            "type": "number",
            "description": "next",
            "required": false
          }
        ],
        "produces": ["application/json"],
        "responses": {
          "200": {
            "description": "customers found"
          },
          "400": {
            "description": "Something went wrong !"
          },

          "409": {
            "description": "customers Not found"
          },
          "500": {
            "description": "Database errors"
          }
        }
      }
    },
    "/manufacturers/?": {
      "get": {
        "tags": ["Manufacturers"],
        "summary": "Get manufacturers",
        "parameters": [
          {
            "name": "Authorization",
            "in": "header",
            "description": "Enter your auth-token token in the format **auth-token token**",
            "required": true,
            "type": "string"
          },
          {
            "in": "query",
            "name": "prev",
            "type": "string",
            "description": "prev",
            "required": false
          },
          {
            "in": "query",
            "name": "next",
            "type": "number",
            "description": "next",
            "required": false
          }
        ],
        "produces": ["application/json"],
        "responses": {
          "200": {
            "description": "customers found"
          },
          "400": {
            "description": "Something went wrong !"
          },

          "409": {
            "description": "customers Not found"
          },
          "500": {
            "description": "Database errors"
          }
        }
      }
    },
    "/manufacturers/{name}/model?": {
      "get": {
        "tags": ["Manufacturers"],
        "summary": "Get manufacturer-model",
        "parameters": [
          {
            "name": "Authorization",
            "in": "header",
            "description": "Enter your auth-token token in the format **auth-token token**",
            "required": true,
            "type": "string"
          },
          {
            "in": "path",
            "name": "name",
            "type": "string",
            "description": "name",
            "required": true
          },
          {
            "in": "query",
            "name": "prev",
            "type": "string",
            "description": "prev",
            "required": false
          },
          {
            "in": "query",
            "name": "next",
            "type": "number",
            "description": "next",
            "required": false
          }
        ],
        "produces": ["application/json"],
        "responses": {
          "200": {
            "description": "customers found"
          },
          "400": {
            "description": "Something went wrong !"
          },

          "409": {
            "description": "customers Not found"
          },
          "500": {
            "description": "Database errors"
          }
        }
      }
    },
    "/solutions": {
      "post": {
        "tags": ["Solutions"],
        "summary": "Add solution",
        "parameters": [
          {
            "name": "Authorization",
            "in": "header",
            "description": "Enter your auth-token token in the format **auth-token token**",
            "required": true,
            "type": "string"
          },
          {
            "in": "body",
            "name": "body",
            "description": "Add solution",
            "required": true,
            "schema": {
              "$ref": "#/definitions/addSolution"
            }
          }
        ],

        "produces": ["application/json"],
        "responses": {
          "200": {
            "description": "Solution Added!"
          },
          "400": {
            "description": "Something went wrong !"
          },
          "401": {
            "description": "Authentication error"
          },
          "409": {
            "description": "Solution Already Exists !"
          },
          "500": {
            "description": "Database errors"
          }
        }
      }
    },
    "/solutions/": {
      "get": {
        "tags": ["Solutions"],
        "summary": "Get solution",
        "parameters": [
          {
            "name": "Authorization",
            "in": "header",
            "description": "Enter your auth-token token in the format **auth-token token**",
            "required": true,
            "type": "string"
          }
        ],

        "produces": ["application/json"],
        "responses": {
          "200": {
            "description": "Solution Added!"
          },
          "400": {
            "description": "Something went wrong !"
          },
          "401": {
            "description": "Authentication error"
          },
          "409": {
            "description": "Solution Already Exists !"
          },
          "500": {
            "description": "Database errors"
          }
        }
      }
    },
    "/apps/{appId}/Solutions-Metadata": {
      "get": {
        "tags": ["Apps"],
        "summary": "Get App-Solutions-Metadata",
        "parameters": [
          {
            "name": "Authorization",
            "in": "header",
            "description": "Enter your auth-token token in the format **auth-token token**",
            "required": true,
            "type": "string"
          },
          {
            "in": "path",
            "name": "appId",
            "type": "string",
            "description": "appId",
            "required": true
          }
        ],

        "produces": ["application/json"],
        "responses": {
          "200": {
            "description": "Records found"
          },
          "400": {
            "description": "Something went wrong !"
          },
          "401": {
            "description": "Authentication error"
          },
          "409": {
            "description": "Records not found"
          },
          "500": {
            "description": "Database errors"
          }
        }
      }
    },
    "/apps/logo": {
      "post": {
        "tags": ["Apps"],
        "summary": "Upload app logo",
        "parameters": [
          {
            "name": "Authorization",
            "in": "header",
            "description": "Enter your auth-token token in the format **auth-token token**",
            "required": true,
            "type": "string"
          },
          {
            "in": "query",
            "name": "appId",
            "type": "string",
            "description": "App ID",
            "required": true
          },
          {
            "in": "formData",
            "name": "file",
            "type": "file",
            "description": "Upload app pic (Only image/png or image/jpeg and limited to 10 mb size)",
            "required": true
          }
        ],

        "produces": ["application/json"],
        "responses": {
          "200": {
            "description": "Logo uploaded"
          },
          "400": {
            "description": "Something went wrong !"
          },
          "401": {
            "description": "Authentication error"
          },
          "500": {
            "description": "Database errors"
          }
        }
      }
    },
    "/apps/{appId}/logo-url": {
      "get": {
        "tags": ["Apps"],
        "summary": "Get app logo-url",
        "parameters": [
          {
            "name": "Authorization",
            "in": "header",
            "description": "Enter your auth-token token in the format **auth-token token**",
            "required": true,
            "type": "string"
          },
          {
            "in": "path",
            "name": "appId",
            "type": "string",
            "description": "App ID",
            "required": true
          }
        ],

        "produces": ["application/json"],
        "responses": {
          "200": {
            "description": "Logo url found"
          },
          "400": {
            "description": "Something went wrong !"
          },
          "401": {
            "description": "Authentication error"
          },
          "500": {
            "description": "Database errors"
          }
        }
      }
    },
    "/apps": {
      "post": {
        "tags": ["Apps"],
        "summary": "Add app",
        "parameters": [
          {
            "name": "Authorization",
            "in": "header",
            "description": "Enter your auth-token token in the format **auth-token token**",
            "required": true,
            "type": "string"
          },
          {
            "in": "body",
            "name": "body",
            "description": "Add app",
            "required": true,
            "schema": {
              "$ref": "#/definitions/addApp"
            }
          }
        ],

        "produces": ["application/json"],
        "responses": {
          "200": {
            "description": "App Added!"
          },
          "400": {
            "description": "Something went wrong !"
          },
          "401": {
            "description": "Authentication error"
          },
          "409": {
            "description": "App Already Exists ! / Customer Already Exists !"
          },
          "500": {
            "description": "Database errors"
          }
        }
      }
    },
    "/apps/?": {
      "get": {
        "tags": ["Apps"],
        "summary": "Get apps",
        "parameters": [
          {
            "name": "Authorization",
            "in": "header",
            "description": "Enter your auth-token token in the format **auth-token token**",
            "required": true,
            "type": "string"
          },
          {
            "in": "query",
            "name": "prev",
            "type": "string",
            "description": "prev",
            "required": false
          },
          {
            "in": "query",
            "name": "next",
            "type": "number",
            "description": "next",
            "required": false
          }
        ],
        "produces": ["application/json"],
        "responses": {
          "200": {
            "description": "Records found"
          },
          "400": {
            "description": "Something went wrong !"
          },

          "409": {
            "description": "Records Not found"
          },
          "500": {
            "description": "Database errors"
          }
        }
      }
    },
    "/apps/search?": {
      "get": {
        "tags": ["Apps"],
        "summary": "Search app ",
        "parameters": [
          {
            "name": "Authorization",
            "in": "header",
            "description": "Enter your auth-token token in the format **auth-token token**",
            "required": true,
            "type": "string"
          },
          {
            "in": "query",
            "name": "prev",
            "description": "prev",
            "required": false
          },
          {
            "in": "query",
            "name": "next",
            "description": "next",
            "required": false
          },
          {
            "in": "query",
            "name": "appName",
            "description": "appName",
            "required": false
          },
          {
            "in": "query",
            "name": "solution",
            "description": "solution",
            "required": false
          },
          {
            "in": "query",
            "name": "status",
            "description": "status",
            "required": false
          },
          {
            "in": "query",
            "name": "customer",
            "description": "customer",
            "required": false
          }
        ],

        "produces": ["application/json"],
        "responses": {
          "200": {
            "description": "Records found"
          },
          "400": {
            "description": "Something went wrong !"
          },
          "401": {
            "description": "Authentication error"
          },

          "500": {
            "description": "Database errors"
          }
        }
      }
    },
    "/apps/health": {
      "get": {
        "tags": ["Apps"],
        "summary": "Get app health",
        "parameters": [
          {
            "name": "Authorization",
            "in": "header",
            "description": "Enter your auth-token token in the format **auth-token token**",
            "required": true,
            "type": "string"
          }
        ],
        "produces": ["application/json"],
        "responses": {
          "200": {
            "description": "Records found"
          },
          "400": {
            "description": "Something went wrong !"
          },

          "409": {
            "description": "Records Not found"
          },
          "500": {
            "description": "Database errors"
          }
        }
      }
    },
    "/apps/customers-app": {
      "get": {
        "tags": ["Apps"],
        "summary": "Get customers-app",
        "parameters": [
          {
            "name": "Authorization",
            "in": "header",
            "description": "Enter your auth-token token in the format **auth-token token**",
            "required": true,
            "type": "string"
          }
        ],
        "produces": ["application/json"],
        "responses": {
          "200": {
            "description": "Records found"
          },
          "400": {
            "description": "Something went wrong !"
          },

          "409": {
            "description": "Records Not found"
          },
          "500": {
            "description": "Database errors"
          }
        }
      }
    },
    "/apps/{appId}": {
      "patch": {
        "tags": ["Apps"],
        "summary": "Update app",
        "parameters": [
          {
            "name": "Authorization",
            "in": "header",
            "description": "Enter your auth-token token in the format **auth-token token**",
            "required": true,
            "type": "string"
          },
          {
            "in": "path",
            "name": "appId",
            "description": "Update app",
            "required": true
          },
          {
            "in": "body",
            "name": "body",
            "description": "Update app",
            "required": false,
            "schema": {
              "$ref": "#/definitions/addApp"
            }
          }
        ],

        "produces": ["application/json"],
        "responses": {
          "200": {
            "description": "App Updated!"
          },
          "400": {
            "description": "Something went wrong !"
          },
          "401": {
            "description": "Authentication error"
          },
          "409": {
            "description": "App Already Exists ! / Customer Already Exists !"
          },
          "500": {
            "description": "Database errors"
          }
        }
      }
    },
    "/apps/{appId}/": {
      "delete": {
        "tags": ["Apps"],
        "summary": "Delete app",
        "parameters": [
          {
            "name": "Authorization",
            "in": "header",
            "description": "Enter your auth-token token in the format **auth-token token**",
            "required": true,
            "type": "string"
          },
          {
            "in": "path",
            "name": "appId",
            "description": "Delete app",
            "required": true
          }
        ],

        "produces": ["application/json"],
        "responses": {
          "200": {
            "description": "App deleted!"
          },
          "400": {
            "description": "Something went wrong !"
          },
          "401": {
            "description": "Authentication error"
          },

          "500": {
            "description": "Database errors"
          }
        }
      }
    },
    "/apps/{appId}/devices": {
      "get": {
        "tags": ["Apps"],
        "summary": "Get all devices for an app",
        "parameters": [
          {
            "name": "Authorization",
            "in": "header",
            "description": "Enter your auth-token token in the format **auth-token token**",
            "required": true,
            "type": "string"
          },
          {
            "in": "path",
            "name": "appId",
            "description": "Get all devices for an app",
            "required": true
          }
        ],

        "produces": ["application/json"],
        "responses": {
          "200": {
            "description": "Records found"
          },
          "400": {
            "description": "Something went wrong !"
          },
          "401": {
            "description": "Authentication error"
          },

          "500": {
            "description": "Database errors"
          }
        }
      }
    },
    "/apps/{appId}/devices/unassigned": {
      "get": {
        "tags": ["Apps"],
        "summary": "Get all unassigned devices for an app",
        "parameters": [
          {
            "name": "Authorization",
            "in": "header",
            "description": "Enter your auth-token token in the format **auth-token token**",
            "required": true,
            "type": "string"
          },
          {
            "in": "path",
            "name": "appId",
            "description": "appId",
            "required": true
          }
        ],

        "produces": ["application/json"],
        "responses": {
          "200": {
            "description": "Records found"
          },
          "400": {
            "description": "Something went wrong !"
          },
          "401": {
            "description": "Authentication error"
          },

          "500": {
            "description": "Database errors"
          }
        }
      }
    },
    "/apps/{appId}/devices/{deviceId}/manufacturer": {
      "get": {
        "tags": ["Apps"],
        "summary": "Get app-device manufacture",
        "parameters": [
          {
            "name": "Authorization",
            "in": "header",
            "description": "Enter your auth-token token in the format **auth-token token**",
            "required": true,
            "type": "string"
          },
          {
            "in": "path",
            "name": "appId",
            "description": "appId",
            "required": true
          },
          {
            "in": "path",
            "name": "deviceId",
            "description": "deviceId",
            "required": true
          }
        ],

        "produces": ["application/json"],
        "responses": {
          "200": {
            "description": "Records found"
          },
          "400": {
            "description": "Something went wrong !"
          },
          "401": {
            "description": "Authentication error"
          },

          "500": {
            "description": "Database errors"
          }
        }
      }
    },
    "/apps/devices/{deviceProfileId}/dataPath": {
      "get": {
        "tags": ["Apps"],
        "summary": "Get  apps devices datapath for given deviceProfileId",
        "parameters": [
          {
            "name": "Authorization",
            "in": "header",
            "description": "Enter your auth-token token in the format **auth-token token**",
            "required": true,
            "type": "string"
          },
          {
            "in": "path",
            "name": "deviceProfileId",
            "description": "deviceProfileId",
            "required": true
          }
        ],

        "produces": ["application/json"],
        "responses": {
          "200": {
            "description": "Records found"
          },
          "400": {
            "description": "Something went wrong !"
          },
          "401": {
            "description": "Authentication error"
          },

          "500": {
            "description": "Database errors"
          }
        }
      }
    },
    "/apps/{appId}/sites": {
      "get": {
        "tags": ["Apps"],
        "summary": "Get all sites for an app",
        "parameters": [
          {
            "name": "Authorization",
            "in": "header",
            "description": "Enter your auth-token token in the format **auth-token token**",
            "required": true,
            "type": "string"
          },
          {
            "in": "path",
            "name": "appId",
            "description": "appId",
            "required": true
          }
        ],

        "produces": ["application/json"],
        "responses": {
          "200": {
            "description": "Records found"
          },
          "400": {
            "description": "Something went wrong !"
          },
          "401": {
            "description": "Authentication error"
          },

          "500": {
            "description": "Database errors"
          }
        }
      }
    },
    "/apps/{appId}/sites/{siteId}/": {
      "put": {
        "tags": ["Apps"],
        "summary": "Update app for a site",
        "parameters": [
          {
            "name": "Authorization",
            "in": "header",
            "description": "Enter your auth-token token in the format **auth-token token**",
            "required": true,
            "type": "string"
          },
          {
            "in": "path",
            "name": "appId",
            "description": "appId",
            "required": true
          },
          {
            "in": "path",
            "name": "siteId",
            "description": "siteId",
            "required": true
          },
          {
            "in": "body",
            "name": "name",
            "description": "Site name",
            "required": true
          }
        ],

        "produces": ["application/json"],
        "responses": {
          "200": {
            "description": "Updated"
          },
          "400": {
            "description": "Something went wrong !"
          },
          "401": {
            "description": "Authentication error"
          },

          "500": {
            "description": "Database errors"
          }
        }
      }
    },
    "/apps/{appId}/sites/{siteId}": {
      "delete": {
        "tags": ["Apps"],
        "summary": "Delete site for a app",
        "parameters": [
          {
            "name": "Authorization",
            "in": "header",
            "description": "Enter your auth-token token in the format **auth-token token**",
            "required": true,
            "type": "string"
          },
          {
            "in": "path",
            "name": "appId",
            "description": "appId",
            "required": true
          },
          {
            "in": "path",
            "name": "siteId",
            "description": "siteId",
            "required": true
          }
        ],

        "produces": ["application/json"],
        "responses": {
          "200": {
            "description": "Updated"
          },
          "400": {
            "description": "Something went wrong !"
          },
          "401": {
            "description": "Authentication error"
          },

          "500": {
            "description": "Database errors"
          }
        }
      }
    },
    "/apps/{appId}/sites/{siteId}/devices": {
      "get": {
        "tags": ["Apps"],
        "summary": "Get all devices and sites of app ",
        "parameters": [
          {
            "name": "Authorization",
            "in": "header",
            "description": "Enter your auth-token token in the format **auth-token token**",
            "required": true,
            "type": "string"
          },
          {
            "in": "path",
            "name": "appId",
            "description": "appId",
            "required": true
          },
          {
            "in": "path",
            "name": "siteId",
            "description": "siteId",
            "required": true
          }
        ],

        "produces": ["application/json"],
        "responses": {
          "200": {
            "description": "Updated"
          },
          "400": {
            "description": "Something went wrong !"
          },
          "401": {
            "description": "Authentication error"
          },

          "500": {
            "description": "Database errors"
          }
        }
      }
    },
    "/apps/{appId}/device-types": {
      "get": {
        "tags": ["Apps"],
        "summary": "Get app device-types",
        "parameters": [
          {
            "name": "Authorization",
            "in": "header",
            "description": "Enter your auth-token token in the format **auth-token token**",
            "required": true,
            "type": "string"
          },
          {
            "in": "path",
            "name": "appId",
            "type": "string",
            "description": "App ID",
            "required": true
          }
        ],

        "produces": ["application/json"],
        "responses": {
          "200": {
            "description": "Records found"
          },
          "400": {
            "description": "Something went wrong !"
          },
          "401": {
            "description": "Authentication error"
          },
          "500": {
            "description": "Database errors"
          }
        }
      }
    },
    "/devices/": {
      "post": {
        "tags": ["Devices"],
        "summary": "Add device",
        "parameters": [
          {
            "name": "Authorization",
            "in": "header",
            "description": "Enter your auth-token token in the format **auth-token token**",
            "required": true,
            "type": "string"
          },
          {
            "in": "body",
            "name": "body",
            "description": "Add device",
            "required": true,
            "schema": {
              "$ref": "#/definitions/addDevice"
            }
          }
        ],

        "produces": ["application/json"],
        "responses": {
          "200": {
            "description": "Device Added!"
          },
          "400": {
            "description": "Something went wrong !"
          },
          "401": {
            "description": "Authentication error"
          },
          "409": {
            "description": "App Already Exists ! / Customer Already Exists !"
          },
          "500": {
            "description": "Database errors"
          }
        }
      }
    },
    "/devices/?": {
      "get": {
        "tags": ["Devices"],
        "summary": "Get devices",
        "parameters": [
          {
            "name": "Authorization",
            "in": "header",
            "description": "Enter your auth-token token in the format **auth-token token**",
            "required": true,
            "type": "string"
          },
          {
            "in": "query",
            "name": "prev",
            "type": "string",
            "description": "prev",
            "required": false
          },
          {
            "in": "query",
            "name": "next",
            "type": "number",
            "description": "next",
            "required": false
          }
        ],
        "produces": ["application/json"],
        "responses": {
          "200": {
            "description": "Records found"
          },
          "400": {
            "description": "Something went wrong !"
          },

          "409": {
            "description": "Records Not found"
          },
          "500": {
            "description": "Database errors"
          }
        }
      }
    },
    "/devices/{deviceId}": {
      "delete": {
        "tags": ["Devices"],
        "summary": "Delete devices",
        "parameters": [
          {
            "name": "Authorization",
            "in": "header",
            "description": "Enter your auth-token token in the format **auth-token token**",
            "required": true,
            "type": "string"
          },
          {
            "in": "path",
            "name": "deviceId",
            "type": "string",
            "description": "deviceId",
            "required": false
          }
        ],
        "produces": ["application/json"],
        "responses": {
          "200": {
            "description": "Device deleted"
          },
          "400": {
            "description": "Something went wrong !"
          },

          "409": {
            "description": "Records Not found"
          },
          "500": {
            "description": "Database errors"
          }
        }
      }
    },
    "/devices/info/{deviceId}": {
      "get": {
        "tags": ["Devices"],
        "summary": "Get single device",
        "parameters": [
          {
            "name": "Authorization",
            "in": "header",
            "description": "Enter your auth-token token in the format **auth-token token**",
            "required": true,
            "type": "string"
          },
          {
            "in": "path",
            "name": "deviceId",
            "type": "string",
            "description": "deviceId",
            "required": false
          }
        ],
        "produces": ["application/json"],
        "responses": {
          "200": {
            "description": "Records found"
          },
          "400": {
            "description": "Something went wrong !"
          },

          "409": {
            "description": "Records Not found"
          },
          "500": {
            "description": "Database errors"
          }
        }
      }
    },
    "/devices/device-function-parser": {
      "post": {
        "tags": ["Devices"],
        "summary": "Get function Code preview",
        "parameters": [
          {
            "in": "body",
            "name": "functionCode",
            "type": "string",
            "description": "functionCode preview",
            "required": false
          }
        ],
        "produces": ["application/json"],
        "responses": {
          "200": {
            "description": "success"
          },
          "400": {
            "description": "Something went wrong !"
          },

          "409": {
            "description": "Records Not found"
          },
          "500": {
            "description": "Database errors"
          }
        }
      }
    },
    "/devices/to-site": {
      "post": {
        "tags": ["Devices"],
        "summary": "Add device to site",
        "parameters": [
          {
            "name": "Authorization",
            "in": "header",
            "description": "Enter your auth-token token in the format **auth-token token**",
            "required": true,
            "type": "string"
          },
          {
            "in": "body",
            "name": "body",
            "description": "Add device to site",
            "required": true,
            "schema": {
              "$ref": "#/definitions/addDeviceToSite"
            }
          }
        ],

        "produces": ["application/json"],
        "responses": {
          "200": {
            "description": "Added!"
          },
          "400": {
            "description": "Something went wrong !"
          },
          "401": {
            "description": "Authentication error"
          },
          "409": {
            "description": "App Already Exists ! / Customer Already Exists !"
          },
          "500": {
            "description": "Database errors"
          }
        }
      }
    },
    "/devices/search?": {
      "get": {
        "tags": ["Devices"],
        "summary": "Search device ",
        "parameters": [
          {
            "name": "Authorization",
            "in": "header",
            "description": "Enter your auth-token token in the format **auth-token token**",
            "required": true,
            "type": "string"
          },
          {
            "in": "query",
            "name": "prev",
            "description": "prev",
            "required": false
          },
          {
            "in": "query",
            "name": "next",
            "description": "next",
            "required": false
          },
          {
            "in": "query",
            "name": "dName",
            "description": "dName",
            "required": false
          },
          {
            "in": "query",
            "name": "appName",
            "description": "appName",
            "required": false
          },
          {
            "in": "query",
            "name": "macAddress",
            "description": "macAddress",
            "required": false
          },
          {
            "in": "query",
            "name": "customer",
            "description": "customer",
            "required": false
          },
          {
            "in": "query",
            "name": "protocol",
            "description": "protocol",
            "required": false
          }
        ],

        "produces": ["application/json"],
        "responses": {
          "200": {
            "description": "Records found"
          },
          "400": {
            "description": "Something went wrong !"
          },
          "401": {
            "description": "Authentication error"
          },

          "500": {
            "description": "Database errors"
          }
        }
      }
    },
    "/devices/{deviceId}/": {
      "patch": {
        "tags": ["Devices"],
        "summary": "Update device ",
        "parameters": [
          {
            "name": "Authorization",
            "in": "header",
            "description": "Enter your auth-token token in the format **auth-token token**",
            "required": true,
            "type": "string"
          },
          {
            "in": "path",
            "name": "deviceId",
            "description": "deviceId",
            "required": true
          },
          {
            "in": "body",
            "required": false,
            "schema": {
              "$ref": "#/definitions/updateDevice"
            }
          }
        ],

        "produces": ["application/json"],
        "responses": {
          "200": {
            "description": "Updated"
          },
          "400": {
            "description": "Something went wrong !"
          },
          "401": {
            "description": "Authentication error"
          },

          "500": {
            "description": "Database errors"
          }
        }
      }
    },
    "/devices/send-command": {
      "post": {
        "tags": ["Devices"],
        "summary": "Send device command",
        "parameters": [
          {
            "name": "Authorization",
            "in": "header",
            "description": "Enter your auth-token token in the format **auth-token token**",
            "required": true,
            "type": "string"
          },
          {
            "in": "body",
            "required": false,
            "schema": {
              "$ref": "#/definitions/sendCommand"
            }
          }
        ],

        "produces": ["application/json"],
        "responses": {
          "200": {
            "description": "Success"
          },
          "400": {
            "description": "Something went wrong !"
          },
          "401": {
            "description": "Authentication error"
          },

          "500": {
            "description": "Database errors"
          }
        }
      }
    },
    "/devices/commands/{deviceId}": {
      "get": {
        "tags": ["Devices"],
        "summary": "Get device commands",
        "parameters": [
          {
            "name": "Authorization",
            "in": "header",
            "description": "Enter your auth-token token in the format **auth-token token**",
            "required": true,
            "type": "string"
          },
          {
            "in": "path",
            "name": "deviceId",
            "description": "deviceId",
            "required": true
          }
        ],

        "produces": ["application/json"],
        "responses": {
          "200": {
            "description": "Records found"
          },
          "400": {
            "description": "Something went wrong !"
          },
          "401": {
            "description": "Authentication error"
          },

          "500": {
            "description": "Database errors"
          }
        }
      }
    },
    "/devices/app/{appId}/deviceType/{deviceType}": {
      "get": {
        "tags": ["Devices"],
        "summary": "Get all devices for app and device type",
        "parameters": [
          {
            "name": "Authorization",
            "in": "header",
            "description": "Enter your auth-token token in the format **auth-token token**",
            "required": true,
            "type": "string"
          },
          {
            "in": "path",
            "name": "appId",
            "description": "appId",
            "required": true
          },
          {
            "in": "path",
            "name": "deviceType",
            "description": "deviceType",
            "required": true
          }
        ],

        "produces": ["application/json"],
        "responses": {
          "200": {
            "description": "Records found"
          },
          "400": {
            "description": "Something went wrong !"
          },
          "401": {
            "description": "Authentication error"
          },

          "500": {
            "description": "Database errors"
          }
        }
      }
    },
    "/devices/bulk-upload": {
      "post": {
        "tags": ["Devices"],
        "summary": "Device bulk-upload",
        "parameters": [
          {
            "name": "Authorization",
            "in": "header",
            "description": "Enter your auth-token token in the format **auth-token token**",
            "required": true,
            "type": "string"
          },
          {
            "in": "query",
            "name": "appId",
            "description": "appId",
            "required": true
          },
          {
            "in": "body",
            "required": true,
            "schema": {
              "$ref": "#/definitions/bulkUpload"
            }
          }
        ],

        "produces": ["application/json"],
        "responses": {
          "200": {
            "description": "Success"
          },
          "400": {
            "description": "Something went wrong !"
          },
          "401": {
            "description": "Authentication error"
          },

          "500": {
            "description": "Database errors"
          }
        }
      }
    },
    "/sites": {
      "post": {
        "tags": ["Sites"],
        "summary": "Add site",
        "parameters": [
          {
            "name": "Authorization",
            "in": "header",
            "description": "Enter your auth-token token in the format **auth-token token**",
            "required": true,
            "type": "string"
          },
          {
            "in": "body",
            "name": "body",
            "description": "Add site",
            "required": false,
            "schema": {
              "$ref": "#/definitions/addSite"
            }
          }
        ],

        "produces": ["application/json"],
        "responses": {
          "200": {
            "description": "Site Added!"
          },
          "400": {
            "description": "Something went wrong !"
          },
          "401": {
            "description": "Authentication error"
          },
          "409": {
            "description": "App Already Exists ! / Customer Already Exists !"
          },
          "500": {
            "description": "Database errors"
          }
        }
      }
    },
    "/sites/": {
      "get": {
        "tags": ["Sites"],
        "summary": "Get all sites",
        "parameters": [
          {
            "name": "Authorization",
            "in": "header",
            "description": "Enter your auth-token token in the format **auth-token token**",
            "required": true,
            "type": "string"
          },
          {
            "in": "query",
            "name": "prev",
            "type": "string",
            "description": "prev",
            "required": false
          },
          {
            "in": "query",
            "name": "next",
            "type": "number",
            "description": "next",
            "required": false
          }
        ],

        "produces": ["application/json"],
        "responses": {
          "200": {
            "description": "Records found"
          },
          "400": {
            "description": "Something went wrong !"
          },
          "401": {
            "description": "Authentication error"
          },
          "409": {
            "description": "App Already Exists ! / Customer Already Exists !"
          },
          "500": {
            "description": "Database errors"
          }
        }
      }
    },
    "/sites/parent-child": {
      "get": {
        "tags": ["Sites"],
        "summary": "Get all parent-child",
        "parameters": [
          {
            "name": "Authorization",
            "in": "header",
            "description": "Enter your auth-token token in the format **auth-token token**",
            "required": true,
            "type": "string"
          },
          {
            "in": "query",
            "name": "prev",
            "type": "string",
            "description": "prev",
            "required": false
          },
          {
            "in": "query",
            "name": "next",
            "type": "number",
            "description": "next",
            "required": false
          }
        ],

        "produces": ["application/json"],
        "responses": {
          "200": {
            "description": "Records found"
          },
          "400": {
            "description": "Something went wrong !"
          },
          "401": {
            "description": "Authentication error"
          },
          "409": {
            "description": "App Already Exists ! / Customer Already Exists !"
          },
          "500": {
            "description": "Database errors"
          }
        }
      }
    },
    "/sites/serach?": {
      "get": {
        "tags": ["Sites"],
        "summary": "Search sites",
        "parameters": [
          {
            "name": "Authorization",
            "in": "header",
            "description": "Enter your auth-token token in the format **auth-token token**",
            "required": true,
            "type": "string"
          },
          {
            "in": "query",
            "name": "prev",
            "type": "string",
            "description": "prev",
            "required": false
          },
          {
            "in": "query",
            "name": "next",
            "type": "string",
            "description": "next",
            "required": false
          },
          {
            "in": "query",
            "name": "appName",
            "type": "string",
            "description": "appName",
            "required": false
          },
          {
            "in": "query",
            "name": "siteName",
            "type": "string",
            "description": "siteName",
            "required": false
          },
          {
            "in": "query",
            "name": "address",
            "type": "string",
            "description": "address",
            "required": false
          },
          {
            "in": "query",
            "name": "customer",
            "type": "string",
            "description": "customer",
            "required": false
          }
        ],

        "produces": ["application/json"],
        "responses": {
          "200": {
            "description": "Records found!"
          },
          "400": {
            "description": "Something went wrong !"
          },
          "401": {
            "description": "Authentication error"
          },
          "409": {
            "description": "App Already Exists ! / Customer Already Exists !"
          },
          "500": {
            "description": "Database errors"
          }
        }
      }
    },
    "/sites/{siteId}": {
      "patch": {
        "tags": ["Sites"],
        "summary": "Update site",
        "parameters": [
          {
            "name": "Authorization",
            "in": "header",
            "description": "Enter your auth-token token in the format **auth-token token**",
            "required": true,
            "type": "string"
          },
          {
            "in": "path",
            "name": "siteId",
            "type": "string",
            "description": "siteId",
            "required": true
          },
          {
            "in": "body",
            "name": "body",
            "description": "Update site",
            "required": false,
            "schema": {
              "$ref": "#/definitions/updateSite"
            }
          }
        ],

        "produces": ["application/json"],
        "responses": {
          "200": {
            "description": "Site Added!"
          },
          "400": {
            "description": "Something went wrong !"
          },
          "401": {
            "description": "Authentication error"
          },
          "409": {
            "description": "App Already Exists ! / Customer Already Exists !"
          },
          "500": {
            "description": "Database errors"
          }
        }
      }
    },
    "/sites/{siteId}/": {
      "delete": {
        "tags": ["Sites"],
        "summary": "Delete site",
        "parameters": [
          {
            "name": "Authorization",
            "in": "header",
            "description": "Enter your auth-token token in the format **auth-token token**",
            "required": true,
            "type": "string"
          },
          {
            "in": "path",
            "name": "siteId",
            "type": "string",
            "description": "siteId",
            "required": true
          }
        ],

        "produces": ["application/json"],
        "responses": {
          "200": {
            "description": "Site deleted!"
          },
          "400": {
            "description": "Something went wrong !"
          },
          "401": {
            "description": "Authentication error"
          },
          "409": {
            "description": "App Already Exists ! / Customer Already Exists !"
          },
          "500": {
            "description": "Database errors"
          }
        }
      }
    },
    "/sites/childSites/{parentId}": {
      "get": {
        "tags": ["Sites"],
        "summary": "Search child sites for parent",
        "parameters": [
          {
            "name": "Authorization",
            "in": "header",
            "description": "Enter your auth-token token in the format **auth-token token**",
            "required": true,
            "type": "string"
          },
          {
            "in": "query",
            "name": "parentId",
            "type": "string",
            "description": "parentId",
            "required": true
          }
        ],

        "produces": ["application/json"],
        "responses": {
          "200": {
            "description": "Records found!"
          },
          "400": {
            "description": "Something went wrong !"
          },
          "401": {
            "description": "Authentication error"
          },
          "409": {
            "description": "App Already Exists ! / Customer Already Exists !"
          },
          "500": {
            "description": "Database errors"
          }
        }
      }
    },
    "/user-management/users": {
      "post": {
        "tags": ["User-roles"],
        "summary": "Add user",
        "parameters": [
          {
            "name": "Authorization",
            "in": "header",
            "description": "Enter your auth-token token in the format **auth-token token**",
            "required": true,
            "type": "string"
          },
          {
            "in": "body",
            "name": "body",
            "description": "Add user and role",
            "required": true,
            "schema": {
              "$ref": "#/definitions/addUser"
            }
          }
        ],

        "produces": ["application/json"],
        "responses": {
          "200": {
            "description": "User Added!"
          },
          "400": {
            "description": "Something went wrong !"
          },
          "401": {
            "description": "Authentication error"
          },
          "409": {
            "description": "User Already Exists !"
          },
          "500": {
            "description": "Database errors"
          }
        }
      }
    },
    "/user-management/users/{userId}/": {
      "patch": {
        "tags": ["User-roles"],
        "summary": "Update user details",
        "parameters": [
          {
            "name": "Authorization",
            "in": "header",
            "description": "Enter your auth-token token in the format **auth-token token**",
            "required": true,
            "type": "string"
          },
          {
            "in": "path",
            "name": "userId",
            "type": "string",
            "description": "user _id",
            "required": true
          },
          {
            "in": "body",
            "name": "body",
            "description": "Update user and role",
            "required": false,
            "schema": {
              "$ref": "#/definitions/updateUser"
            }
          }
        ],

        "produces": ["application/json"],
        "responses": {
          "200": {
            "description": "User details Updated!"
          },
          "400": {
            "description": "Something went wrong !"
          },
          "401": {
            "description": "Authentication error"
          },
          "409": {
            "description": "User Already Exists !"
          },
          "500": {
            "description": "Database errors"
          }
        }
      }
    },
    "/user-management/users/{userId}": {
      "delete": {
        "tags": ["User-roles"],
        "summary": "Delete user details",
        "parameters": [
          {
            "name": "Authorization",
            "in": "header",
            "description": "Enter your auth-token token in the format **auth-token token**",
            "required": true,
            "type": "string"
          },
          {
            "in": "path",
            "name": "userId",
            "type": "string",
            "description": "user _id",
            "required": true
          }
        ],

        "produces": ["application/json"],
        "responses": {
          "200": {
            "description": "User details deleted!"
          },
          "400": {
            "description": "Something went wrong !"
          },
          "401": {
            "description": "Authentication error"
          },
          "409": {
            "description": "User Already Exists !"
          },
          "500": {
            "description": "Database errors"
          }
        }
      }
    },
    "/user-management/user-types": {
      "get": {
        "tags": ["User-roles"],
        "summary": "Get User types",
        "parameters": [
          {
            "name": "Authorization",
            "in": "header",
            "description": "Enter your auth-token token in the format **auth-token token**",
            "required": true,
            "type": "string"
          }
        ],

        "produces": ["application/json"],
        "responses": {
          "200": {
            "description": "Records found!"
          },
          "400": {
            "description": "Something went wrong !"
          },
          "401": {
            "description": "Authentication error"
          },
          "409": {
            "description": "Records not found!"
          },
          "500": {
            "description": "Database errors"
          }
        }
      }
    },
    "/user-management/users?": {
      "get": {
        "tags": ["User-roles"],
        "summary": "Get all Users",
        "parameters": [
          {
            "name": "Authorization",
            "in": "header",
            "description": "Enter your auth-token token in the format **auth-token token**",
            "required": true,
            "type": "string"
          },
          {
            "in": "query",
            "name": "prev",
            "type": "string",
            "description": "prev",
            "required": false
          },
          {
            "in": "query",
            "name": "next",
            "type": "number",
            "description": "next",
            "required": false
          }
        ],

        "produces": ["application/json"],
        "responses": {
          "200": {
            "description": "Records found!"
          },
          "400": {
            "description": "Something went wrong !"
          },
          "401": {
            "description": "Authentication error"
          },
          "409": {
            "description": "Records not found!"
          },
          "500": {
            "description": "Database errors"
          }
        }
      }
    },
    "/user-management/getPrivileges": {
      "get": {
        "tags": ["User-roles"],
        "summary": "Get all Users getPrivileges",
        "parameters": [
          {
            "name": "Authorization",
            "in": "header",
            "description": "Enter your auth-token token in the format **auth-token token**",
            "required": true,
            "type": "string"
          }
        ],

        "produces": ["application/json"],
        "responses": {
          "200": {
            "description": "Records found!"
          },
          "400": {
            "description": "Something went wrong !"
          },
          "401": {
            "description": "Authentication error"
          },
          "409": {
            "description": "Records not found!"
          },
          "500": {
            "description": "Database errors"
          }
        }
      }
    },
    "/rules": {
      "post": {
        "tags": ["Rules"],
        "summary": "Add rule",
        "parameters": [
          {
            "name": "Authorization",
            "in": "header",
            "description": "Enter your auth-token token in the format **auth-token token**",
            "required": true,
            "type": "string"
          },
          {
            "in": "body",
            "name": "body",
            "description": "Add rule",
            "required": false,
            "schema": {
              "$ref": "#/definitions/addRule"
            }
          }
        ],

        "produces": ["application/json"],
        "responses": {
          "200": {
            "description": "Rule Added!"
          },
          "400": {
            "description": "Something went wrong !"
          },
          "401": {
            "description": "Authentication error"
          },
          "500": {
            "description": "Database errors"
          }
        }
      }
    },
    "/rules/?": {
      "get": {
        "tags": ["Rules"],
        "summary": "Get all rules",
        "parameters": [
          {
            "name": "Authorization",
            "in": "header",
            "description": "Enter your auth-token token in the format **auth-token token**",
            "required": true,
            "type": "string"
          },
          {
            "in": "query",
            "name": "prev",
            "type": "string",
            "description": "prev",
            "required": false
          },
          {
            "in": "query",
            "name": "next",
            "type": "number",
            "description": "next",
            "required": false
          }
        ],

        "produces": ["application/json"],
        "responses": {
          "200": {
            "description": "Records found"
          },
          "400": {
            "description": "Something went wrong !"
          },
          "401": {
            "description": "Authentication error"
          },
          "500": {
            "description": "Database errors"
          }
        }
      }
    },
    "/rules/{ruleId}": {
      "put": {
        "tags": ["Rules"],
        "summary": "Update rule",
        "parameters": [
          {
            "name": "Authorization",
            "in": "header",
            "description": "Enter your auth-token token in the format **auth-token token**",
            "required": true,
            "type": "string"
          },
          {
            "in": "path",
            "name": "ruleId",
            "type": "string",
            "description": "ruleId",
            "required": true
          },
          {
            "in": "body",
            "name": "body",
            "description": "Update rule",
            "required": false,
            "schema": {
              "$ref": "#/definitions/updateRule"
            }
          }
        ],

        "produces": ["application/json"],
        "responses": {
          "200": {
            "description": "Rule updated!"
          },
          "400": {
            "description": "Something went wrong !"
          },
          "401": {
            "description": "Authentication error"
          },
          "500": {
            "description": "Database errors"
          }
        }
      }
    },
    "/rules/{ruleId}/": {
      "delete": {
        "tags": ["Rules"],
        "summary": "Delete rule",
        "parameters": [
          {
            "name": "Authorization",
            "in": "header",
            "description": "Enter your auth-token token in the format **auth-token token**",
            "required": true,
            "type": "string"
          },
          {
            "in": "path",
            "name": "ruleId",
            "type": "string",
            "description": "ruleId",
            "required": true
          }
        ],

        "produces": ["application/json"],
        "responses": {
          "200": {
            "description": "Rule deleted!"
          },
          "400": {
            "description": "Something went wrong !"
          },
          "401": {
            "description": "Authentication error"
          },
          "500": {
            "description": "Database errors"
          }
        }
      }
    },
    "/rules/serach?": {
      "get": {
        "tags": ["Rules"],
        "summary": "Search rule",
        "parameters": [
          {
            "name": "Authorization",
            "in": "header",
            "description": "Enter your auth-token token in the format **auth-token token**",
            "required": true,
            "type": "string"
          },
          {
            "in": "query",
            "name": "prev",
            "type": "string",
            "description": "prev",
            "required": false
          },
          {
            "in": "query",
            "name": "next",
            "type": "string",
            "description": "next",
            "required": false
          },
          {
            "in": "query",
            "name": "appName",
            "type": "string",
            "description": "appName",
            "required": false
          },
          {
            "in": "query",
            "name": "ruleName",
            "type": "string",
            "description": "ruleName",
            "required": false
          },
          {
            "in": "query",
            "name": "description",
            "type": "string",
            "description": "description",
            "required": false
          },
          {
            "in": "query",
            "name": "deviceName",
            "type": "string",
            "description": "deviceName",
            "required": false
          }
        ],

        "produces": ["application/json"],
        "responses": {
          "200": {
            "description": "Records found!"
          },
          "400": {
            "description": "Something went wrong !"
          },
          "401": {
            "description": "Authentication error"
          },
          "500": {
            "description": "Database errors"
          }
        }
      }
    }
  },

  "definitions": {
    "userSignIn": {
      "type": "object",
      "properties": {
        "email": {
          "type": "string"
        },
        "password": {
          "type": "string"
        }
      }
    },
    "userChangePassword": {
      "type": "object",
      "properties": {
        "oldPassword": {
          "type": "string"
        },

        "newPassword": {
          "type": "string"
        }
      }
    },
    "addUser": {
      "type": "object",
      "properties": {
        "name": {
          "type": "string"
        },
        "email": {
          "type": "string"
        },
        "mobile": {
          "type": "string"
        },
        "password": {
          "type": "string"
        },
        "roleId": {
          "type": "string"
        },
        "customerId": {
          "type": "string"
        }
      }
    },
    "updateUser": {
      "type": "object",
      "properties": {
        "name": {
          "type": "string"
        },
        "email": {
          "type": "string"
        },
        "mobile": {
          "type": "string"
        },
        "password": {
          "type": "string"
        },
        "roleId": {
          "type": "string"
        },
        "customerId": {
          "type": "string"
        }
      }
    },
    "addSolution": {
      "type": "object",
      "properties": {
        "appId": {
          "type": "string"
        },
        "appName": {
          "type": "string"
        },
        "posrt": {
          "type": "string"
        },
        "url": {
          "type": "string"
        },
        "desc": {
          "type": "string"
        },
        "solution": {
          "type": "string"
        }
      }
    },
    "addApp": {
      "type": "object",
      "properties": {
        "name": {
          "type": "string"
        },
        "address": {
          "type": "string"
        },
        "desc": {
          "type": "string"
        },
        "metaData": {
          "type": "object"
        },
        "solution": {
          "type": "string"
        },
        "self": {
          "type": "boolean"
        },
        "customerName": {
          "type": "string"
        },
        "customerId": {
          "type": "string"
        }
      }
    },
    "addDevice": {
      "type": "object",
      "properties": {
        "appId": {
          "type": "string"
        },
        "name": {
          "type": "string"
        },
        "address": {
          "type": "string"
        },
        "desc": {
          "type": "string"
        },
        "macAddress": {
          "type": "string"
        },
        "lat": {
          "type": "string"
        },
        "lng": {
          "type": "string"
        },
        "existing": {
          "type": "boolean"
        },
        "manufacturerId": {
          "type": "string"
        },
        "manufacturer": {
          "type": "string"
        },
        "model": {
          "type": "string"
        },
        "gateway": {
          "type": "string"
        },
        "helperFn": {
          "type": "string"
        },
        "protocolType": {
          "type": "string"
        },
        "protocolInfo": {
          "type": "string"
        },
        "dataTransformers": {
          "type": "object"
        }
      }
    },
    "addDeviceToSite": {
      "type": "object",
      "properties": {
        "appId": {
          "type": "string"
        },
        "siteId": {
          "type": "string"
        },
        "devices": {
          "type": "array"
        }
      }
    },
    "updateDevice": {
      "type": "object",
      "properties": {
        "name": {
          "type": "string"
        },
        "address": {
          "type": "string"
        },

        "lat": {
          "type": "string"
        },
        "lng": {
          "type": "string"
        }
      }
    },
    "sendCommand": {
      "type": "object",
      "properties": {
        "deviceId": {
          "type": "string"
        },
        "payload": {
          "type": "string"
        },
        "protocol": {
          "type": "string"
        }
      }
    },
    "bulkUpload": {
      "type": "object",
      "properties": {
        "data": {
          "type": "array",
          "items": {
            "type": "object"
          }
        }
      }
    },
    "addSite": {
      "type": "object",
      "properties": {
        "appId": {
          "type": "string"
        },
        "name": {
          "type": "string"
        },
        "address": {
          "type": "string"
        },
        "lat": {
          "type": "string"
        },
        "lng": {
          "type": "string"
        },
        "metadata": {
          "type": "object"
        },
        "parentId": {
          "type": "string"
        },
        "deviceId": {
          "type": "array",
          "items": {
            "type": "string"
          }
        }
      }
    },
    "updateSite": {
      "type": "object",
      "properties": {
        "name": {
          "type": "string"
        },
        "address": {
          "type": "string"
        },
        "lat": {
          "type": "string"
        },
        "lng": {
          "type": "string"
        },
        "metadata": {
          "type": "object"
        },

        "devices": {
          "type": "array",
          "items": {
            "type": "string"
          }
        }
      }
    },
    "addRule": {
      "type": "object",
      "properties": {
        "appId": {
          "type": "string"
        },
        "deviceId": {
          "type": "string"
        },
        "name": {
          "type": "string"
        },
        "desc": {
          "type": "string"
        },
        "deviceType": {
          "type": "string"
        },
        "dataPath": {
          "type": "string"
        },
        "operator": {
          "type": "object"
        },
        "value": {
          "type": "string"
        },
        "severity": {
          "type": "number"
        },
        "statement": {
          "type": "string"
        },
        "incharge": {
          "type": "object"
        }
      }
    },
    "updateRule": {
      "type": "object",
      "properties": {
        "appId": {
          "type": "string"
        },
        "deviceId": {
          "type": "string"
        },
        "name": {
          "type": "string"
        },
        "desc": {
          "type": "string"
        },
        "deviceType": {
          "type": "string"
        },
        "dataPath": {
          "type": "string"
        },
        "operator": {
          "type": "object"
        },
        "value": {
          "type": "string"
        },
        "severity": {
          "type": "number"
        },
        "statement": {
          "type": "string"
        },
        "incharge": {
          "type": "object"
        }
      }
    }
  }
}
